player,org,agent,average_combat_score,kill_deaths,kast,average_damage_per_round,kills_per_round,assists_per_round,first_kills_per_round,first_deaths_per_round,headshot_percentage,clutch_success_percentage
sScary,XIA,astra,250.3,1.53,80,157.3,0.88,0.44,0.12,0.06,23,24
NDG,NCG,astra,225.0,1.21,73,143.2,0.82,0.35,0.06,0.07,19,17
Moh,FAL,astra,223.6,1.20,75,144.0,0.79,0.34,0.09,0.08,31,12
chrollo,XPL,astra,222.2,1.26,72,136.4,0.82,0.39,0.10,0.08,22,19
JA,JA,astra,222.1,1.26,73,142.2,0.81,0.29,0.10,0.07,28,20
SHIN,S1,astra,220.2,1.21,77,143.2,0.80,0.29,0.08,0.07,41,32
SugarZ3ro,ZETA,astra,218.6,1.22,76,141.8,0.80,0.36,0.06,0.07,28,21
Hyzee,FCY,astra,217.4,1.30,79,143.1,0.78,0.31,0.09,0.06,27,15
ZK,TSM.A,astra,215.6,1.35,76,140.5,0.83,0.29,0.07,0.04,38,14
LaAw,OG,astra,210.6,1.14,74,136.0,0.74,0.32,0.06,0.04,30,18
skillZ,GES,astra,209.9,1.11,72,130.7,0.76,0.37,0.08,0.06,23,11
LuoK1ng,KONE,astra,209.3,1.18,74,137.0,0.77,0.33,0.08,0.09,27,15
gabi,gabi,astra,209.1,1.27,81,135.6,0.71,0.50,0.06,0.05,28,36
jEEE,NS,astra,207.9,1.00,74,138.1,0.73,0.31,0.09,0.10,26,17
Sylvan,WGS,astra,207.7,1.07,71,140.4,0.72,0.28,0.06,0.06,31,13
cxyy,WBG,astra,203.8,0.95,69,143.0,0.72,0.32,0.09,0.09,32,21
tehbotoL,BME,astra,202.3,1.18,78,131.7,0.73,0.36,0.04,0.04,26,24
oreopheliaa,oreopheliaa,astra,199.4,1.23,73,125.6,0.72,0.32,0.06,0.05,17,12
Shniider,RAAD,astra,196.6,1.21,82,127.8,0.71,0.44,0.02,0.08,38,34
YiHao,SN,astra,195.2,1.07,74,126.4,0.70,0.29,0.07,0.07,27,19
zunba,ONS,astra,195.1,1.15,73,128.5,0.71,0.34,0.07,0.07,29,18
Ember,RNT,astra,193.8,1.10,74,120.9,0.72,0.28,0.05,0.07,29,23
ChAlalala,FS,astra,191.9,1.20,78,119.1,0.71,0.38,0.05,0.06,22,24
GOLD,DSP,astra,190.3,0.99,74,123.0,0.68,0.31,0.04,0.03,34,11
dephh,XSET,astra,190.1,0.94,69,123.3,0.66,0.26,0.09,0.08,26,7
wudiYuChEn,FPX.ZQ,astra,189.9,1.05,71,125.7,0.75,0.34,0.07,0.10,23,9
jcStani,GEN,astra,188.0,1.03,74,122.8,0.67,0.38,0.04,0.06,27,11
GatsH,RBLS,astra,185.9,1.09,72,123.4,0.68,0.24,0.08,0.12,22,19
Lok1,CES,astra,182.8,0.93,72,119.3,0.62,0.35,0.05,0.05,26,15
Jlerst,SUR,astra,182.0,0.96,75,122.4,0.66,0.37,0.08,0.06,28,12
Haodong,EDG,astra,179.2,1.01,72,116.7,0.67,0.32,0.06,0.07,27,22
kasper,GKE,astra,177.3,0.99,76,118.4,0.64,0.39,0.05,0.07,30,27
Ebeeee,Ebeeee,astra,176.4,0.85,71,107.0,0.61,0.32,0.06,0.06,25,13
ICEKING,ICEKING,astra,175.2,1.03,76,120.3,0.66,0.34,0.08,0.06,25,19
Bgg,WAVE,astra,174.7,0.84,75,106.7,0.57,0.40,0.07,0.05,26,11
Exequies,SAF,astra,173.8,0.88,78,109.9,0.61,0.50,0.06,0.07,24,16
Krumszz,SCY,astra,170.8,0.83,65,111.7,0.62,0.29,0.06,0.05,30,5
Yuk1no,Toe,astra,168.3,0.86,66,120.2,0.60,0.31,0.05,0.09,32,16
Jeong,DK,astra,167.3,0.84,73,113.1,0.57,0.34,0.05,0.06,23,18
Delend,47,astra,166.9,0.89,70,107.9,0.61,0.32,0.05,0.09,32,18
GwangUh,MARU,astra,163.1,0.84,68,107.0,0.58,0.35,0.05,0.03,29,12
Kryptix,MOUZ,astra,157.1,0.81,70,111.4,0.54,0.27,0.02,0.06,23,15
sarahcat,IMT,breach,268.5,1.58,77,171.1,0.96,0.21,0.14,0.08,32,27
Depyro,RAAD,breach,219.8,1.33,77,137.8,0.81,0.20,0.08,0.08,22,23
Hoax,GP,breach,218.0,1.07,72,139.9,0.76,0.26,0.05,0.08,21,10
GodDead,ONS,breach,203.4,1.00,67,128.1,0.70,0.22,0.09,0.10,25,24
Jamppi,TL,breach,202.4,1.07,71,129.0,0.74,0.11,0.11,0.08,26,10
ALEKSANDAR,Skwi,breach,201.0,1.21,79,132.8,0.73,0.36,0.04,0.06,43,18
vice,NYFU,breach,199.3,1.12,74,131.8,0.72,0.23,0.05,0.06,24,12
Knight,Knight,breach,198.5,1.09,75,128.9,0.74,0.25,0.09,0.08,28,8
showliana,DIG,breach,197.8,0.95,67,129.0,0.69,0.27,0.10,0.07,25,19
Scargod,RNT,breach,197.6,0.91,67,127.5,0.70,0.29,0.06,0.12,30,20
KP,SR,breach,196.8,1.13,72,127.3,0.75,0.23,0.06,0.07,30,5
prince,LOS,breach,195.4,1.11,76,133.0,0.71,0.17,0.08,0.07,23,9
gMd,TSM,breach,193.9,1.06,71,126.7,0.76,0.36,0.06,0.08,33,14
dre,TLPR,breach,191.7,0.96,71,127.3,0.66,0.31,0.04,0.07,37,22
shonk,ZMM.B,breach,190.3,1.18,74,123.8,0.72,0.27,0.04,0.05,41,24
jeyj7y,PRL,breach,188.1,0.90,71,125.4,0.67,0.22,0.08,0.08,32,12
leak,RESO,breach,183.1,0.95,71,123.3,0.66,0.23,0.04,0.09,29,20
HellrangeR,GES,breach,182.8,1.04,70,119.1,0.69,0.19,0.05,0.10,31,30
LEXY,BLD,breach,182.2,0.97,70,117.1,0.68,0.22,0.04,0.08,21,27
xeta,C9,breach,179.5,1.04,78,118.6,0.64,0.24,0.07,0.06,22,29
Kishi,CES,breach,178.6,0.87,67,120.8,0.61,0.22,0.04,0.10,33,31
Crws,XIA,breach,174.7,0.88,73,118.1,0.61,0.23,0.05,0.06,21,24
AnnieDro,C9W,breach,173.1,1.07,74,114.1,0.60,0.25,0.05,0.03,20,11
itnothan,CLG,breach,171.7,0.97,73,114.7,0.63,0.23,0.06,0.05,18,11
lyNxi,RBLS,breach,165.0,0.88,73,111.3,0.61,0.25,0.05,0.06,31,4
crow,ZETA,breach,164.9,0.96,73,110.4,0.60,0.23,0.04,0.05,24,11
bmVz,FCY,breach,162.4,0.98,79,104.3,0.61,0.34,0.04,0.04,30,15
LockM,LockM,breach,161.2,0.95,72,108.7,0.62,0.29,0.06,0.07,33,25
FNS,OPTC,breach,160.6,0.84,68,107.6,0.57,0.18,0.03,0.06,21,8
agM,COL,breach,153.8,0.87,75,105.1,0.55,0.25,0.05,0.02,24,16
KONEQT,S1,breach,153.4,0.80,69,101.3,0.55,0.25,0.05,0.05,28,12
flyuh,FaZe,breach,145.9,0.74,76,99.9,0.49,0.30,0.06,0.04,32,7
FengF,FengF,breach,144.9,0.78,68,97.7,0.52,0.21,0.02,0.05,34,13
shirazi,BRNV,brimstone,234.1,1.18,77,152.4,0.79,0.53,0.13,0.09,22,7
kat,C9W,brimstone,232.5,1.29,80,148.7,0.80,0.42,0.10,0.08,31,31
Andersin,DZ,brimstone,223.2,1.16,76,140.7,0.76,0.51,0.08,0.09,24,25
Ange,DZ,brimstone,220.1,1.26,76,135.3,0.75,0.56,0.05,0.05,23,13
rise,CLG,brimstone,219.3,1.19,82,143.6,0.74,0.51,0.06,0.07,23,14
fzkk,Trop,brimstone,216.8,1.13,76,135.0,0.76,0.44,0.09,0.07,22,18
tupperware,IMT,brimstone,216.7,1.21,79,143.0,0.74,0.40,0.10,0.06,23,12
Zoestol,Mach,brimstone,208.9,0.98,77,133.9,0.70,0.46,0.06,0.04,19,16
Marved,OPTC,brimstone,206.6,1.12,77,135.3,0.72,0.41,0.09,0.05,28,24
Saint,Cap,brimstone,200.5,1.08,74,136.5,0.70,0.33,0.06,0.06,27,24
nerve,CD,brimstone,199.1,0.98,73,133.5,0.68,0.42,0.05,0.05,27,14
THOOMER,THOOMER,brimstone,198.7,1.01,75,134.0,0.68,0.45,0.05,0.08,22,13
Tiraye,GEN.B,brimstone,196.9,1.09,80,121.2,0.71,0.39,0.04,0.05,28,35
Katashio,Katashio,brimstone,195.7,0.93,73,127.7,0.65,0.49,0.04,0.07,24,22
wudiYuChEn,FPX.ZQ,brimstone,194.8,0.90,73,128.0,0.63,0.45,0.10,0.09,27,7
ADRENALINE,ZMM.B,brimstone,190.4,0.93,78,124.7,0.60,0.56,0.08,0.09,20,12
ARES,ARES,brimstone,181.4,0.83,69,116.0,0.60,0.39,0.09,0.09,19,9
adm1k,AM,brimstone,173.5,0.89,69,116.9,0.59,0.36,0.08,0.07,25,21
Mady,MSF,brimstone,171.0,0.78,71,109.0,0.58,0.36,0.06,0.08,22,27
pleets,LOS,brimstone,168.8,0.93,80,105.9,0.55,0.54,0.04,0.06,11,24
Asteriskk,PSJ,brimstone,164.7,0.81,73,104.5,0.54,0.53,0.04,0.07,16,33
skye,GX,brimstone,161.4,0.74,71,105.2,0.56,0.44,0.09,0.08,23,22
meL,C9W,chamber,287.9,1.73,80,179.7,1.03,0.19,0.21,0.09,26,29
ZmjjKK,EDG,chamber,271.2,1.39,74,172.6,0.98,0.14,0.23,0.13,25,3
Cryocells,XSET,chamber,267.7,1.56,78,162.0,0.97,0.19,0.19,0.09,23,23
Ptero,SLR,chamber,265.7,1.65,76,166.9,0.98,0.21,0.15,0.07,16,14
bunny,bee,chamber,262.7,1.35,74,166.0,0.97,0.15,0.19,0.07,26,14
dicey,FaZe,chamber,258.2,1.54,76,167.9,0.95,0.14,0.17,0.09,31,19
Laz,ZETA,chamber,257.9,1.32,74,162.0,0.92,0.17,0.21,0.13,25,10
BADlove,RGE,chamber,255.9,1.35,73,164.4,0.94,0.14,0.17,0.11,30,17
BuZz,DRX,chamber,252.6,1.49,76,163.8,0.91,0.23,0.17,0.12,26,17
Lin,YFP,chamber,252.0,1.27,73,163.6,0.87,0.21,0.16,0.12,18,4
seven,TSM,chamber,250.1,1.42,74,153.8,0.96,0.14,0.14,0.13,22,8
yay,OPTC,chamber,249.3,1.37,73,157.9,0.91,0.14,0.17,0.12,25,9
nabbsky,AECL,chamber,248.6,1.62,80,162.5,0.94,0.18,0.17,0.08,24,19
RND,LOS,chamber,248.5,1.43,71,151.7,0.94,0.13,0.19,0.10,20,15
Hollywood,AIM,chamber,247.6,1.25,74,159.5,0.87,0.20,0.13,0.09,24,10
NicoleG,NicoleG,chamber,247.5,1.23,70,163.8,0.84,0.21,0.18,0.12,29,7
Alfajer,SUR,chamber,247.1,1.23,70,160.2,0.86,0.12,0.15,0.14,37,20
johnqt,Ghost,chamber,246.8,1.66,78,158.3,0.91,0.15,0.13,0.06,30,25
kirei,BAL,chamber,246.1,1.40,72,154.1,0.91,0.13,0.12,0.09,24,15
VolcaN,Unkn,chamber,244.9,1.23,69,155.7,0.88,0.12,0.16,0.09,22,15
Babytz,X10F,chamber,243.5,1.29,74,154.6,0.87,0.18,0.11,0.10,17,8
Jerk,YFP,chamber,243.1,1.23,75,152.5,0.86,0.19,0.14,0.08,20,13
tyti,Neme,chamber,242.9,1.20,70,156.9,0.86,0.17,0.15,0.08,26,9
szimpli,GML,chamber,242.3,1.12,69,155.7,0.85,0.18,0.17,0.12,25,14
Shabi,Shabi,chamber,239.0,1.40,69,154.3,0.87,0.16,0.15,0.09,25,8
theia,DIG,chamber,238.3,1.23,71,153.8,0.86,0.17,0.16,0.14,23,13
LoveX,LoveX,chamber,238.2,1.20,73,155.5,0.85,0.15,0.08,0.10,20,7
Nivera,TL,chamber,238.1,1.53,76,147.0,0.87,0.11,0.19,0.07,24,14
zoe,def,chamber,233.9,1.11,65,152.5,0.84,0.15,0.15,0.10,33,6
k1Ng,TE,chamber,233.4,1.13,69,154.0,0.81,0.16,0.15,0.11,29,30
BoomCS,PAWN,chamber,231.7,1.27,73,151.9,0.84,0.13,0.14,0.09,26,13
Eeyore,PSJ,chamber,231.2,1.07,65,143.3,0.78,0.15,0.13,0.14,26,
bearkun,LT,chamber,230.5,1.24,71,141.7,0.94,0.14,0.20,0.09,18,18
Okeanos,BAL,chamber,230.4,1.14,65,148.0,0.84,0.15,0.18,0.14,34,20
mummAy,NYFU,chamber,230.0,1.13,75,146.7,0.80,0.23,0.17,0.09,21,35
Harmful,TSM.A,chamber,229.1,1.17,68,146.0,0.84,0.14,0.17,0.15,31,13
Mute,Mute,chamber,227.7,1.15,70,146.6,0.82,0.08,0.16,0.10,32,8
AAK,WBG,chamber,227.2,1.27,74,145.5,0.84,0.11,0.14,0.09,26,18
jcrueL,COL,chamber,226.0,1.39,74,137.6,0.84,0.12,0.15,0.06,18,11
FireBallOps,BBG.A,chamber,225.7,1.15,70,146.6,0.81,0.11,0.15,0.11,33,19
Enjoy,ZMM.B,chamber,225.7,1.17,73,144.4,0.80,0.17,0.11,0.10,26,20
qxv,owna,chamber,224.0,1.24,72,146.6,0.81,0.10,0.13,0.08,32,20
clawdia,CLG,chamber,223.5,1.20,70,145.9,0.80,0.13,0.18,0.12,27,8
NakJi,MARU,chamber,221.9,1.17,71,148.7,0.79,0.19,0.14,0.09,24,6
Mixwell,G2,chamber,221.7,1.11,72,142.2,0.79,0.19,0.15,0.09,21,22
Enzo,TLPR,chamber,221.1,1.26,77,149.4,0.82,0.15,0.13,0.07,30,8
Tkaz,LT,chamber,221.1,1.12,71,148.8,0.82,0.15,0.11,0.06,30,6
AAAAY,Totoro,chamber,219.8,1.26,73,147.6,0.83,0.13,0.11,0.09,29,23
ColdFish,ColdFish,chamber,219.4,1.15,71,143.9,0.76,0.20,0.12,0.09,19,10
ZexRow,DZ,chamber,218.7,1.28,73,136.7,0.80,0.14,0.10,0.06,24,18
Cohburg,Cohburg,chamber,218.6,1.21,72,143.5,0.80,0.14,0.19,0.12,30,17
Ltomlee,Ltomlee,chamber,217.8,1.16,70,143.2,0.79,0.20,0.12,0.09,22,12
c4Lypso,Clan,chamber,217.5,1.25,71,140.6,0.80,0.13,0.15,0.09,35,12
d4v41,PRX,chamber,217.0,1.14,71,146.7,0.77,0.18,0.10,0.10,27,3
Nothin,Nothin,chamber,215.5,0.96,64,140.9,0.76,0.13,0.11,0.16,31,8
kev,RID,chamber,215.3,1.01,68,142.6,0.79,0.16,0.18,0.14,26,20
FAIRY,Roul,chamber,214.2,1.00,67,137.5,0.78,0.15,0.15,0.12,22,14
cece,cece,chamber,213.1,1.05,63,137.8,0.75,0.17,0.13,0.13,29,10
Daicute,CES,chamber,213.0,0.99,70,142.3,0.74,0.18,0.11,0.12,19,9
agM,COL,chamber,212.5,1.10,69,139.6,0.77,0.16,0.12,0.10,27,15
Kay,IMT,chamber,212.3,1.20,73,138.1,0.76,0.15,0.12,0.10,30,17
Stealthy,CD,chamber,211.1,1.17,67,129.1,0.76,0.12,0.14,0.09,19,12
DVDOV,Frag,chamber,211.1,1.04,71,135.9,0.72,0.20,0.13,0.11,24,15
ApeX,MR,chamber,210.9,1.03,70,140.6,0.77,0.12,0.14,0.13,37,12
Sand,RAAD,chamber,210.4,1.23,75,142.8,0.78,0.18,0.13,0.07,34,17
Lessa,FSN,chamber,209.5,1.16,69,139.3,0.78,0.16,0.11,0.11,23,14
Bankroft,S2P,chamber,208.4,1.14,71,134.1,0.74,0.16,0.13,0.12,25,22
bld,Trop,chamber,207.9,1.12,70,137.4,0.77,0.14,0.15,0.12,33,11
LeeLee,GEN.B,chamber,207.6,1.12,72,130.8,0.73,0.17,0.12,0.10,24,16
tokyo,ZMM.S,chamber,207.5,1.09,66,133.0,0.80,0.08,0.15,0.11,22,19
laddermoves,laddermoves,chamber,207.3,1.09,65,135.5,0.76,0.13,0.12,0.12,19,19
neT,TGRD,chamber,206.9,1.08,67,129.0,0.74,0.11,0.13,0.11,31,24
Yuk1no,Toe,chamber,206.5,1.12,68,140.4,0.77,0.13,0.13,0.11,34,23
DxN,GX,chamber,205.0,1.07,71,137.3,0.76,0.16,0.12,0.10,21,6
Ethan,NRG,chamber,204.6,1.04,70,134.6,0.72,0.15,0.13,0.13,23,17
Migstur,Migstur,chamber,204.3,1.02,70,135.4,0.75,0.16,0.11,0.09,25,12
flowerful,SR,chamber,203.9,1.10,71,135.0,0.73,0.15,0.12,0.11,25,7
SwayZ,SwayZ,chamber,203.8,1.08,68,133.4,0.76,0.12,0.12,0.09,31,8
rood,FOGU,chamber,203.4,1.06,71,132.4,0.74,0.17,0.16,0.09,22,24
d1msumboi,TS,chamber,203.2,1.07,69,137.3,0.74,0.12,0.13,0.12,36,5
kaz,kaz,chamber,202.7,0.99,68,134.4,0.73,0.17,0.11,0.13,28,12
EMENK,19,chamber,202.4,1.25,73,127.8,0.75,0.17,0.14,0.08,25,14
bNhardneja,hPw,chamber,200.7,1.17,68,129.3,0.75,0.12,0.10,0.08,21,9
duck,TB,chamber,200.5,0.94,65,130.8,0.70,0.15,0.15,0.09,24,6
Rustun,OXGA,chamber,200.1,0.97,68,130.9,0.68,0.18,0.13,0.11,26,19
Luke,Luke,chamber,199.7,1.10,71,138.7,0.71,0.16,0.11,0.09,28,14
ChurmZ,CD,chamber,195.5,0.99,65,123.0,0.70,0.16,0.18,0.16,19,13
Serving,Serving,chamber,194.1,0.88,68,127.5,0.70,0.11,0.15,0.11,21,7
Violette,TMV,chamber,186.1,0.91,68,124.9,0.67,0.15,0.09,0.12,23,13
jekor,TLPR,chamber,184.8,0.85,62,129.9,0.66,0.17,0.11,0.12,31,14
iDex,S1,chamber,183.4,0.81,67,124.4,0.65,0.14,0.11,0.17,36,14
Maxeee,KDM,chamber,178.5,0.92,60,117.8,0.65,0.09,0.13,0.10,22,21
bmVz,FCY,chamber,166.4,0.86,73,106.6,0.59,0.14,0.11,0.10,28,12
Babytz,X10F,cypher,238.0,1.36,78,146.4,0.84,0.28,0.13,0.08,18,14
chiwawa,XL,cypher,226.4,1.19,73,147.8,0.81,0.22,0.10,0.08,31,19
KOLER,Skwi,cypher,218.2,1.14,71,139.9,0.78,0.15,0.14,0.09,29,
Benkai,PRX,cypher,206.9,1.16,75,133.4,0.72,0.27,0.06,0.07,23,22
bezn1,NIP,cypher,206.3,1.08,72,132.7,0.73,0.24,0.09,0.08,24,14
Feeqn,WAVE,cypher,203.7,1.07,70,133.9,0.70,0.28,0.07,0.08,22,17
Sushiboys,XIA,cypher,200.7,1.07,74,126.7,0.69,0.28,0.11,0.04,29,8
mega,UNKT,cypher,196.2,1.03,69,130.9,0.68,0.16,0.08,0.08,24,17
YouBreak,AWAR,cypher,193.4,1.01,72,128.3,0.70,0.24,0.10,0.08,24,14
Bankroft,S2P,cypher,193.3,1.11,75,125.6,0.68,0.28,0.07,0.09,19,16
bucher,FKS,cypher,192.3,1.33,77,128.5,0.75,0.20,0.05,0.04,38,22
RelliK,TR,cypher,179.1,0.93,69,116.1,0.64,0.18,0.04,0.07,31,12
blu,CAOS,cypher,178.4,0.91,70,125.1,0.67,0.21,0.10,0.14,25,8
Ayaaa,GXR,jett,304.0,1.53,79,188.0,1.04,0.20,0.34,0.13,28,
dodonut,TSM.X,jett,300.3,1.64,76,185.4,1.05,0.19,0.30,0.12,20,25
whz,Toe,jett,299.2,1.44,71,189.1,1.07,0.14,0.22,0.15,32,16
BABYBAY,FaZe,jett,294.9,1.51,74,189.6,1.01,0.19,0.26,0.16,26,5
leaf,C9,jett,286.8,1.37,72,175.4,0.97,0.23,0.25,0.17,25,29
Yue,Yue,jett,285.0,1.28,75,171.1,0.97,0.17,0.25,0.12,22,13
gin,AE,jett,284.7,1.26,70,182.8,0.98,0.17,0.26,0.19,27,12
Alexy,BRNV,jett,282.2,1.35,74,180.7,0.97,0.24,0.24,0.17,28,19
JohnOlsen,FS,jett,282.0,1.46,75,172.4,1.01,0.14,0.24,0.14,28,14
enerii,enerii,jett,280.1,1.31,79,171.2,0.96,0.25,0.28,0.14,24,23
capriciouS,capriciouS,jett,279.7,1.44,73,181.1,0.99,0.19,0.19,0.14,30,13
Foxy9,RIG,jett,279.3,1.37,75,172.7,0.99,0.13,0.24,0.14,28,24
bstrdd,TL,jett,274.5,1.46,73,174.9,0.98,0.14,0.26,0.11,34,
RockeT,GKE,jett,273.6,1.31,70,167.5,0.97,0.13,0.20,0.14,34,15
Harmful,TSM.A,jett,273.1,1.26,67,167.6,0.96,0.16,0.31,0.21,27,27
Kamiyu,Kamiyu,jett,272.2,1.32,74,172.8,0.94,0.22,0.17,0.12,26,21
koalanoob,Ghost,jett,272.1,1.48,75,168.3,0.95,0.18,0.25,0.17,23,9
n1zzy,DXG,jett,270.8,1.29,74,176.4,0.95,0.19,0.20,0.15,31,16
ZmjjKK,EDG,jett,269.3,1.28,68,163.5,0.97,0.15,0.24,0.18,20,
sym,LT,jett,268.4,1.38,71,169.9,0.97,0.13,0.23,0.15,35,21
rawfiul,Enigma,jett,266.4,1.37,71,167.4,0.96,0.11,0.22,0.13,35,10
infiltrator,infiltrator,jett,265.2,1.26,70,170.2,0.95,0.14,0.21,0.19,30,15
Mojer,STRM,jett,264.8,1.23,71,167.0,0.92,0.22,0.19,0.16,25,24
Neon,Akre,jett,264.7,1.42,77,162.6,0.94,0.17,0.21,0.15,18,14
Smoggy,Smoggy,jett,264.6,1.35,72,169.4,0.96,0.17,0.19,0.15,34,17
Polvi,TEN,jett,263.7,1.27,71,169.0,0.91,0.17,0.22,0.16,23,6
Bazzi,ONS,jett,262.9,1.41,75,158.2,0.89,0.16,0.22,0.14,17,11
Life,SJG,jett,262.6,1.45,75,170.4,0.92,0.17,0.18,0.13,32,28
Daniel0,BTS,jett,262.6,1.36,73,164.4,0.92,0.15,0.25,0.16,29,22
JUGi,FKS,jett,262.5,1.46,74,163.1,0.91,0.18,0.23,0.13,21,9
DeepMans,WAVE,jett,262.5,1.36,73,162.8,0.96,0.12,0.22,0.07,36,7
Muffyn,X10F,jett,260.0,1.47,77,170.3,0.91,0.23,0.20,0.14,21,17
Cryocells,XSET,jett,259.5,1.40,68,160.4,0.97,0.08,0.21,0.18,25,10
forbanz,forbanz,jett,259.0,1.35,70,161.4,0.94,0.14,0.18,0.14,27,16
Munchkin,CR,jett,258.9,1.24,74,161.2,0.86,0.18,0.28,0.15,25,14
f0rsakeN,PRX,jett,257.4,1.24,74,164.5,0.91,0.17,0.23,0.18,26,10
aspas,LLL,jett,257.2,1.46,77,160.8,0.92,0.17,0.17,0.14,27,7
jzz,MIBR,jett,256.7,1.19,73,161.5,0.89,0.15,0.27,0.16,31,
WhyYou,WhyYou,jett,256.3,1.27,72,167.2,0.89,0.18,0.20,0.13,28,18
Jemkin,CGV,jett,256.2,1.29,72,165.5,0.90,0.15,0.21,0.12,38,25
Chibab,MARU,jett,255.9,1.11,70,162.4,0.85,0.22,0.23,0.21,22,10
Dragon,Dragon,jett,255.9,1.21,65,159.9,0.92,0.12,0.24,0.14,31,24
KnightRider,RNT,jett,255.1,1.23,67,162.9,0.92,0.09,0.25,0.19,32,14
shooterR,Snakes,jett,255.1,1.22,71,163.8,0.91,0.15,0.22,0.16,36,9
TheGuyEdudz,TheGuyEdudz,jett,254.5,1.08,68,168.1,0.85,0.22,0.23,0.22,26,18
alexiiik,alexiiik,jett,254.1,1.21,66,157.5,0.90,0.15,0.22,0.18,25,11
Reduxx,OXGA,jett,254.0,1.29,74,160.4,0.91,0.17,0.18,0.13,28,13
t3xture,DK,jett,253.9,1.23,70,161.7,0.89,0.14,0.23,0.19,31,16
Redneval,FCY,jett,253.0,1.10,68,154.5,0.88,0.15,0.27,0.20,27,8
Pine,TMV,jett,252.8,1.07,66,152.8,0.85,0.17,0.19,0.19,26,17
Ninebody,Ninebody,jett,252.6,1.20,72,161.6,0.87,0.19,0.19,0.15,29,11
Monyet,Monyet,jett,252.4,1.18,70,161.2,0.89,0.17,0.19,0.17,24,19
Chels,+22,jett,252.4,1.16,70,157.1,0.88,0.20,0.19,0.18,15,12
Sayaplayer,TGRD,jett,251.9,1.42,71,156.1,0.92,0.10,0.20,0.15,29,14
Katriggered,VX,jett,251.6,1.33,74,154.4,0.87,0.16,0.19,0.12,14,24
dynamic,The,jett,251.5,1.27,70,154.5,0.91,0.14,0.20,0.17,24,12
tech,YFP,jett,250.8,1.11,71,157.0,0.87,0.18,0.21,0.17,26,18
Ayumiii,Ayumiii,jett,250.4,1.45,78,155.0,0.91,0.19,0.14,0.09,24,26
Noxy,ARES,jett,250.0,1.22,74,157.1,0.86,0.18,0.20,0.14,23,13
ScrewFace,DZ,jett,249.2,1.22,70,158.2,0.87,0.16,0.21,0.14,21,24
ALIVE,FNST,jett,248.8,1.28,69,161.5,0.90,0.15,0.22,0.16,26,19
Vera,GX,jett,246.8,1.14,71,160.6,0.86,0.20,0.19,0.17,26,14
xuss,AM,jett,246.7,1.21,72,156.7,0.87,0.16,0.19,0.17,25,16
Yoshii,TS,jett,246.6,1.21,70,151.3,0.93,0.13,0.24,0.20,26,13
SkRossi,GES,jett,246.1,1.15,69,153.7,0.87,0.13,0.22,0.19,24,17
Tisora,B4,jett,245.6,1.11,72,155.3,0.83,0.20,0.18,0.14,20,11
heat,VK,jett,245.5,1.26,70,162.4,0.90,0.13,0.20,0.14,31,13
jcrueL,COL,jett,245.2,1.29,74,153.2,0.88,0.14,0.17,0.09,15,13
ban,PK,jett,245.2,1.19,71,153.2,0.86,0.16,0.22,0.13,28,11
Goaster,MDR,jett,244.9,1.27,71,148.4,0.84,0.15,0.22,0.17,25,14
Deadly10,RGE,jett,244.4,1.22,70,153.5,0.86,0.14,0.20,0.15,28,18
JA,JA,jett,243.8,1.13,65,154.2,0.86,0.12,0.20,0.19,27,25
1TaPGoD,TR,jett,243.0,1.13,64,150.8,0.85,0.14,0.22,0.19,30,9
duck,TB,jett,242.6,1.17,68,160.9,0.89,0.15,0.22,0.19,32,
Kanove,Blac,jett,242.1,1.01,63,156.4,0.79,0.14,0.21,0.21,22,
Masic,SUR,jett,241.4,1.29,73,155.2,0.85,0.16,0.17,0.11,25,18
let,B4A,jett,241.0,1.17,71,150.4,0.87,0.18,0.24,0.19,26,29
Risorah,SRN.P,jett,241.0,1.12,69,159.8,0.85,0.17,0.17,0.14,30,
DEATHMAKER,VLT,jett,240.2,1.21,69,156.0,0.85,0.13,0.20,0.15,32,15
Tacolilla,LEV,jett,239.2,1.27,73,152.6,0.84,0.18,0.21,0.17,20,17
kamo,NOM,jett,238.6,1.08,72,160.9,0.88,0.17,0.19,0.18,28,13
lule,CAOS,jett,238.4,1.25,71,153.8,0.92,0.18,0.21,0.16,20,43
Leare,TQ,jett,238.1,1.12,64,152.2,0.85,0.09,0.17,0.21,34,17
Georggyyy,APH,jett,237.5,1.05,68,151.1,0.83,0.16,0.20,0.16,27,13
Envious,SMG,jett,236.9,1.22,75,149.9,0.84,0.20,0.23,0.18,20,26
Okeanos,BAL,jett,236.9,1.03,65,153.5,0.84,0.15,0.24,0.14,28,
yay,OPTC,jett,236.2,1.24,73,151.7,0.85,0.14,0.20,0.17,27,6
Bobovo,Bobovo,jett,235.8,1.05,71,145.5,0.80,0.19,0.27,0.16,19,
dodo,dodo,jett,235.5,1.22,72,145.4,0.87,0.15,0.17,0.16,26,32
Krysme,BCG,jett,235.4,1.15,70,153.8,0.83,0.20,0.15,0.16,24,18
NoMan,OF,jett,234.9,1.04,70,145.1,0.78,0.17,0.27,0.18,24,
alvar,FAL,jett,234.9,1.18,67,149.9,0.88,0.11,0.21,0.18,29,17
Sway,Coul,jett,234.8,1.05,66,148.1,0.80,0.14,0.20,0.21,20,4
high,high,jett,234.6,1.24,73,149.7,0.84,0.16,0.20,0.14,27,20
Attention,GFN,jett,234.3,1.17,73,154.7,0.81,0.15,0.15,0.12,25,7
zeldris,MR,jett,234.3,1.15,66,148.6,0.84,0.12,0.19,0.20,26,15
SpringMo,CBT,jett,234.3,1.01,67,148.3,0.79,0.15,0.19,0.15,34,16
Meteor,NTH,jett,234.2,1.02,67,147.3,0.81,0.14,0.21,0.19,26,17
dip,FWOG,jett,234.1,1.14,73,156.1,0.83,0.16,0.18,0.08,25,9
Lorri,SR,jett,234.0,1.14,72,147.5,0.81,0.18,0.13,0.10,20,11
kyrrz,19,jett,233.7,1.36,71,149.7,0.86,0.12,0.13,0.17,26,17
Will,100T,jett,233.6,1.17,68,146.6,0.82,0.20,0.16,0.15,18,28
aimhunterr,GKE,jett,233.1,1.23,70,143.1,0.83,0.14,0.17,0.12,26,29
Sato,puGG,jett,232.8,1.11,63,146.6,0.83,0.10,0.16,0.16,33,5
sae,PK.A,jett,232.6,1.17,70,145.0,0.83,0.15,0.21,0.15,20,19
xand,NIP,jett,232.4,1.08,67,141.5,0.82,0.12,0.15,0.16,23,13
Kadoom,SPE,jett,231.8,1.06,68,148.2,0.81,0.16,0.22,0.20,28,33
Surf,XIA,jett,231.7,1.17,70,143.2,0.83,0.14,0.18,0.14,23,8
Julia,IMT,jett,231.3,1.34,74,145.5,0.84,0.11,0.16,0.10,33,17
blurred,NS,jett,231.1,1.16,68,148.4,0.82,0.17,0.19,0.13,19,24
BerserX,BME,jett,230.8,1.18,71,145.7,0.81,0.16,0.21,0.16,23,23
Isla,DART,jett,230.0,1.09,68,147.4,0.82,0.15,0.18,0.17,34,21
Zap,Trys,jett,229.9,1.09,72,147.3,0.78,0.20,0.18,0.15,23,7
jas,owna,jett,229.6,1.07,69,144.3,0.81,0.18,0.17,0.23,29,
BladeZ,ATHZ,jett,229.4,1.21,73,146.1,0.82,0.13,0.19,0.17,29,5
Ambi,CASE,jett,229.4,1.17,74,145.9,0.80,0.18,0.22,0.16,26,13
Slag,Tagl,jett,229.3,1.07,66,145.3,0.79,0.11,0.25,0.19,28,7
saiko,AWAR,jett,229.1,1.06,70,145.7,0.79,0.19,0.19,0.15,24,13
rlz,xd,jett,228.5,1.21,67,143.7,0.84,0.11,0.19,0.18,31,21
shadow,PER,jett,228.4,1.12,69,141.8,0.83,0.11,0.19,0.13,38,13
vxzq,vxzq,jett,228.3,1.11,68,154.7,0.86,0.16,0.14,0.12,26,14
mina,ZMM.B,jett,227.6,1.14,72,142.8,0.81,0.15,0.18,0.15,22,15
LeeeeeeN,OG,jett,227.5,1.01,70,140.1,0.79,0.15,0.20,0.18,29,13
Rb,DRX,jett,227.2,1.24,70,138.2,0.80,0.14,0.20,0.18,21,24
corey,TSM,jett,226.9,1.10,71,145.9,0.79,0.21,0.16,0.13,30,13
bungee,CLG,jett,226.8,1.15,72,144.8,0.84,0.11,0.24,0.16,30,26
juseu,BDS,jett,226.4,1.17,70,140.3,0.83,0.12,0.17,0.18,28,29
Nhatthong2k,BAAM,jett,225.8,1.04,65,145.0,0.78,0.18,0.21,0.17,23,4
Dinxx,Insi,jett,225.4,1.17,69,146.1,0.83,0.10,0.16,0.11,30,13
sens3i,LE,jett,225.0,1.04,62,145.1,0.80,0.13,0.18,0.17,28,21
snw,ODK,jett,224.5,1.10,72,144.3,0.81,0.12,0.19,0.14,22,12
kay,SRN.P,jett,224.3,1.03,74,144.7,0.78,0.17,0.17,0.14,30,
epathy,SoaR,jett,224.3,1.09,68,137.2,0.81,0.13,0.20,0.19,26,18
mindle,ODDI,jett,224.3,1.12,72,143.5,0.80,0.15,0.22,0.13,26,15
Vasili,GG,jett,223.9,0.99,65,136.4,0.77,0.13,0.22,0.18,26,5
Dep,ZETA,jett,223.9,1.15,69,141.9,0.82,0.14,0.16,0.14,27,11
BRNWOWZK1,ING,jett,223.2,1.09,67,144.6,0.75,0.20,0.18,0.17,23,26
azys,azys,jett,222.8,1.05,65,143.8,0.78,0.12,0.21,0.19,31,25
Asuna,100T,jett,222.0,1.00,69,142.5,0.76,0.15,0.19,0.20,27,13
jannyXD,RBLS,jett,221.6,1.14,73,140.5,0.79,0.15,0.17,0.15,25,15
penny,V1,jett,221.5,1.12,70,142.0,0.76,0.16,0.18,0.15,23,30
Luzuh,MOUZ,jett,221.3,1.18,69,141.5,0.81,0.13,0.18,0.18,21,9
Yacine,TUN,jett,220.3,0.96,68,143.8,0.74,0.18,0.21,0.20,26,
Deryeon,BLD,jett,220.0,0.99,69,140.1,0.76,0.18,0.17,0.17,18,24
DENYA,PUGS,jett,219.8,1.12,72,138.2,0.79,0.16,0.17,0.16,22,13
Kaoticcc,C4,jett,219.5,1.06,68,141.7,0.79,0.17,0.14,0.17,21,21
zyad,RAAD,jett,219.2,1.13,69,138.0,0.79,0.14,0.21,0.19,19,10
dip,LT,jett,219.0,1.11,72,138.3,0.79,0.19,0.16,0.13,17,19
suerte,AIM,jett,218.9,1.03,71,144.2,0.76,0.19,0.15,0.13,23,7
Sayf,GUILD,jett,217.6,1.15,68,139.6,0.80,0.20,0.18,0.13,22,10
xZe,NKT,jett,217.0,1.09,65,143.3,0.80,0.11,0.15,0.15,41,14
TTyke,TTyke,jett,216.7,1.06,64,143.7,0.80,0.12,0.12,0.20,26,18
Soul,IluZ,jett,216.1,0.93,62,134.0,0.75,0.14,0.22,0.22,28,7
kylo,kylo,jett,216.1,0.99,66,133.4,0.77,0.20,0.18,0.20,23,4
Naschzz,WYG,jett,215.9,1.03,73,140.4,0.77,0.21,0.20,0.19,25,10
Bape,Tita,jett,215.5,0.93,63,137.5,0.76,0.15,0.19,0.25,24,18
acrian,acrian,jett,215.5,1.01,69,139.3,0.77,0.18,0.15,0.18,22,
jakee,Team,jett,215.1,0.97,69,139.1,0.76,0.17,0.14,0.15,25,16
Lin,YFP,jett,215.0,1.06,68,135.8,0.77,0.18,0.16,0.16,17,18
rajadaJJ,rajadaJJ,jett,214.9,1.19,72,135.7,0.79,0.14,0.17,0.12,24,11
HANN,HANN,jett,214.8,0.94,63,141.6,0.73,0.13,0.17,0.20,26,
supermonkey,BAL,jett,214.5,1.01,66,135.7,0.77,0.15,0.19,0.12,26,12
kev,RID,jett,214.4,0.95,66,128.2,0.73,0.16,0.20,0.15,21,16
riku,PK.A,jett,214.3,0.98,65,137.0,0.74,0.21,0.16,0.17,17,20
ANABALA,ANABALA,jett,213.8,0.95,65,133.7,0.73,0.14,0.17,0.21,28,11
luckeRRR,[A],jett,212.8,1.02,63,139.4,0.73,0.16,0.16,0.14,29,
DEA,NWG,jett,212.6,0.91,64,136.5,0.73,0.14,0.20,0.22,30,18
Lynn,GEN.B,jett,212.2,0.96,63,138.0,0.76,0.14,0.20,0.23,24,18
Lex,NMG,jett,211.8,1.02,66,136.1,0.76,0.16,0.14,0.15,24,4
elllement,XL,jett,211.7,1.03,67,136.6,0.75,0.14,0.17,0.14,29,14
snirot,Full,jett,211.3,1.13,70,130.9,0.75,0.11,0.17,0.15,25,24
Flynch,PSJ,jett,210.6,0.98,66,136.3,0.78,0.14,0.17,0.18,27,16
Linysx,GMD,jett,209.6,0.97,72,136.3,0.74,0.19,0.21,0.17,27,33
Theow,ANO,jett,209.1,0.89,67,138.2,0.68,0.19,0.15,0.19,21,22
Wyz,FS,jett,208.8,0.95,65,136.9,0.76,0.12,0.15,0.16,21,3
jayp,SG,jett,208.8,0.95,65,134.7,0.74,0.15,0.15,0.16,22,9
Scroll,TLPR,jett,208.3,0.95,67,137.2,0.74,0.16,0.18,0.16,27,24
Jazzyk1ns,C9W,jett,208.0,1.14,69,135.1,0.74,0.15,0.16,0.17,25,17
JN,VL,jett,206.9,0.94,60,129.7,0.74,0.10,0.16,0.21,24,16
NagZ,KRÜ,jett,206.8,1.08,66,132.3,0.73,0.13,0.18,0.15,22,33
gaabxx,SHK,jett,206.8,0.93,67,136.1,0.68,0.18,0.22,0.21,25,
isafx,TBK,jett,206.6,0.94,64,129.1,0.73,0.12,0.18,0.20,24,25
Izzy,SMB,jett,205.2,0.95,67,133.6,0.75,0.13,0.16,0.14,26,4
Bawn,Team,jett,202.9,0.90,61,135.8,0.73,0.15,0.13,0.19,23,24
DBK,Brim,jett,202.3,1.01,66,128.8,0.74,0.14,0.16,0.15,32,11
nmgreen,nmgreen,jett,201.9,0.91,66,134.4,0.71,0.16,0.16,0.15,27,21
K1LLERS,FCY,jett,201.5,1.00,72,127.6,0.75,0.13,0.18,0.15,31,26
Stefanie,DIG,jett,201.4,0.91,67,130.4,0.70,0.18,0.16,0.17,30,36
TenZ,SEN,jett,200.3,0.89,65,137.8,0.68,0.23,0.16,0.21,23,17
hyjinx,MR,jett,200.2,0.94,67,126.6,0.70,0.13,0.15,0.13,23,
Kouf,NBG,jett,198.0,0.90,65,128.4,0.71,0.14,0.15,0.15,22,19
TheCady,Lixa,jett,194.2,0.80,60,123.5,0.68,0.09,0.19,0.22,28,14
FIEND,RAD,jett,190.5,0.82,70,122.7,0.63,0.23,0.17,0.15,15,8
lugn,Só,jett,184.3,0.82,64,120.7,0.64,0.14,0.15,0.18,25,18
Mae,Mae,jett,183.9,0.94,68,116.8,0.68,0.15,0.13,0.12,20,15
elvis,IluZ,jett,183.6,0.89,70,122.8,0.66,0.13,0.18,0.17,23,
Pepper,DGW,jett,178.0,0.86,68,112.6,0.66,0.16,0.11,0.12,20,14
BEWATER,BEWATER,jett,173.3,0.77,59,112.0,0.63,0.09,0.12,0.16,37,21
KimGyuTae,DSP,jett,171.6,0.82,65,116.6,0.63,0.13,0.13,0.16,23,18
ronaldo,PK,jett,150.8,0.76,63,101.1,0.53,0.14,0.09,0.16,17,21
mimiFPS,mimiFPS,kayo,252.9,1.31,72,161.8,0.89,0.41,0.11,0.10,27,18
RaM,DNAD,kayo,245.8,1.08,70,156.2,0.83,0.34,0.15,0.12,25,10
curry,T1,kayo,243.6,1.32,80,155.3,0.84,0.45,0.10,0.07,23,7
Bobovo,Bobovo,kayo,236.1,1.02,71,150.7,0.80,0.37,0.14,0.11,21,18
Alexy,BRNV,kayo,234.8,1.22,76,153.7,0.80,0.51,0.14,0.18,25,22
NiSMO,Ghost,kayo,230.4,1.36,81,150.6,0.80,0.50,0.09,0.10,27,13
Kakarot,NS,kayo,227.8,1.09,71,149.9,0.75,0.55,0.06,0.07,17,18
Virtyy,OXGA,kayo,227.0,1.09,81,142.6,0.80,0.57,0.11,0.10,25,11
saadhak,LLL,kayo,219.5,1.10,75,136.1,0.73,0.51,0.11,0.15,17,9
jovahnii,CD,kayo,219.4,0.97,73,140.1,0.75,0.52,0.08,0.11,23,13
Excali,Enigma,kayo,216.3,1.13,74,136.8,0.75,0.42,0.14,0.08,24,19
SmokeA,RGE,kayo,215.8,1.18,76,140.0,0.73,0.46,0.09,0.08,27,23
nat1,TL,kayo,214.8,1.00,74,137.1,0.70,0.56,0.14,0.10,19,20
Palla,puGG,kayo,213.4,0.90,69,140.8,0.70,0.42,0.13,0.12,26,18
Bones,TS,kayo,213.2,0.97,75,133.1,0.71,0.48,0.09,0.07,23,8
pMdr1,JUXT,kayo,212.3,1.06,73,131.6,0.74,0.32,0.06,0.11,30,13
Dark3st,past,kayo,211.7,0.99,73,136.6,0.72,0.45,0.10,0.09,26,24
Velocity,UYU,kayo,210.4,0.97,77,137.8,0.73,0.54,0.09,0.07,20,19
Xeppaa,C9,kayo,210.4,0.91,77,135.5,0.69,0.54,0.07,0.10,20,11
Crunchy,SQ,kayo,209.5,1.05,71,132.9,0.70,0.43,0.12,0.10,25,7
melJ,FWOG,kayo,208.5,0.94,69,127.7,0.71,0.42,0.08,0.12,23,21
Scrounge,PUGS,kayo,208.2,0.97,73,133.5,0.71,0.36,0.08,0.09,24,8
vitrix,vitrix,kayo,207.8,1.22,77,135.4,0.74,0.44,0.10,0.07,25,13
fxy0,OG,kayo,205.8,0.94,77,129.5,0.68,0.58,0.08,0.08,23,7
Misty,BCG,kayo,205.5,0.92,69,131.9,0.68,0.36,0.13,0.10,22,8
kongared,AAA,kayo,204.6,0.92,74,134.5,0.70,0.37,0.06,0.10,22,14
YaBoiLewis,FKS,kayo,204.3,0.96,72,132.0,0.70,0.38,0.09,0.11,39,
JinboongE,TNL,kayo,198.5,0.92,70,134.8,0.67,0.40,0.08,0.11,27,18
khanartist,BBG.A,kayo,198.4,0.91,67,130.3,0.68,0.36,0.09,0.10,28,15
Victor,OPTC,kayo,198.3,0.91,71,127.3,0.65,0.49,0.11,0.09,22,29
Blush,FL,kayo,198.2,0.95,69,119.9,0.69,0.45,0.07,0.09,16,10
paTiTek,XL,kayo,198.2,0.87,73,125.4,0.64,0.49,0.10,0.13,21,7
ohai,TB,kayo,197.8,1.01,71,131.6,0.70,0.41,0.08,0.09,28,11
maniek,AM,kayo,197.5,0.83,74,127.1,0.66,0.43,0.09,0.13,23,6
genuine,AIM,kayo,196.8,0.85,72,120.6,0.65,0.47,0.12,0.13,21,16
v1c,SoaR,kayo,194.1,0.99,73,126.7,0.66,0.33,0.08,0.10,26,6
shen,ONi,kayo,193.5,0.87,68,129.3,0.66,0.36,0.09,0.08,21,15
MateNiles,MateNiles,kayo,192.4,0.85,69,126.1,0.65,0.38,0.07,0.11,26,10
jen,IMT,kayo,192.1,0.96,75,127.7,0.64,0.48,0.08,0.05,26,11
xprt,xprt,kayo,191.7,1.07,80,119.8,0.65,0.49,0.06,0.05,24,17
shonk,ZMM.B,kayo,191.3,1.03,72,122.6,0.66,0.38,0.10,0.10,31,10
Amaterasu,VLT,kayo,190.2,1.00,79,121.2,0.66,0.52,0.09,0.08,31,11
Drone,DZ,kayo,188.9,1.07,76,126.2,0.69,0.34,0.08,0.09,35,36
Zyppan,FPX,kayo,188.3,0.87,70,125.0,0.65,0.47,0.08,0.12,27,44
alvarxz,IluZ,kayo,187.4,0.87,63,128.8,0.67,0.33,0.08,0.15,20,9
fifi,SRN.P,kayo,183.4,0.80,65,125.8,0.59,0.46,0.06,0.13,25,14
Dopai,DM,kayo,182.4,0.81,69,115.8,0.61,0.41,0.08,0.09,19,14
dre,TLPR,kayo,180.7,0.89,73,122.5,0.63,0.46,0.08,0.09,30,16
Precision,TSM.A,kayo,173.5,0.76,74,116.6,0.53,0.60,0.06,0.10,22,9
PryZee,TRY,kayo,172.7,0.77,72,118.2,0.59,0.40,0.07,0.09,23,13
EMUHLEET,DIG,kayo,171.3,0.85,71,112.2,0.57,0.49,0.04,0.07,18,19
Yolo,Hugh,kayo,169.0,0.72,68,111.2,0.57,0.41,0.07,0.15,24,18
shyz,B4A,kayo,166.3,0.89,75,107.1,0.59,0.45,0.07,0.07,20,17
mocking,LT,kayo,163.5,0.72,69,108.9,0.55,0.38,0.06,0.12,24,12
Zik,[A],kayo,160.8,0.72,64,106.8,0.52,0.50,0.05,0.10,30,15
AlphaFly,DV,kayo,156.5,0.74,67,103.9,0.52,0.33,0.05,0.13,24,22
vo0kashu,RBLS,killjoy,267.7,1.52,78,175.0,0.92,0.20,0.09,0.08,24,26
FireBallOps,BBG.A,killjoy,242.9,1.24,69,158.5,0.84,0.17,0.15,0.08,23,16
Nanners,TB,killjoy,232.7,1.28,74,156.9,0.82,0.18,0.08,0.10,25,17
Alfajer,SUR,killjoy,232.2,1.25,76,157.7,0.84,0.17,0.10,0.08,31,12
kirei,BAL,killjoy,228.6,1.26,73,156.5,0.81,0.16,0.09,0.06,25,18
BaWaN,BGN,killjoy,225.1,1.14,72,144.1,0.81,0.18,0.12,0.07,21,14
IamKimyy,FG,killjoy,223.9,1.03,67,144.8,0.76,0.19,0.10,0.09,14,18
Logistaa,RNT,killjoy,223.3,1.23,73,151.6,0.82,0.17,0.08,0.06,23,24
ApeX,MR,killjoy,222.7,1.21,72,147.8,0.81,0.11,0.11,0.07,37,4
k1Ng,DRX,killjoy,221.9,1.27,75,146.0,0.78,0.15,0.09,0.10,29,9
Minny,EP,killjoy,221.0,1.19,69,143.0,0.82,0.19,0.10,0.09,27,13
Meddo,G2,killjoy,216.8,1.40,79,147.9,0.82,0.14,0.07,0.07,24,8
wannafly,AAA,killjoy,211.7,1.20,77,148.1,0.76,0.20,0.09,0.06,23,26
PapiChulo,PapiChulo,killjoy,210.9,1.16,74,145.5,0.73,0.18,0.09,0.06,24,20
Rustun,OXGA,killjoy,210.5,1.12,76,142.8,0.70,0.27,0.13,0.09,19,9
NicoleG,NicoleG,killjoy,209.4,1.11,73,138.7,0.71,0.19,0.12,0.09,22,11
mitch,C9,killjoy,208.8,1.29,77,134.9,0.72,0.23,0.09,0.05,16,29
Naomi,VX,killjoy,208.4,1.08,72,139.1,0.72,0.17,0.07,0.05,25,14
Yosemite,SN,killjoy,207.2,1.05,71,137.9,0.72,0.18,0.06,0.10,23,20
k0chilo,Care,killjoy,206.4,0.97,70,138.5,0.72,0.22,0.08,0.10,29,9
Sofia,Sofia,killjoy,206.0,1.08,70,140.4,0.74,0.23,0.07,0.09,18,27
BulGameR,WYG,killjoy,205.5,1.28,73,134.0,0.75,0.15,0.08,0.05,19,22
VARES,BTS,killjoy,205.4,1.27,80,133.9,0.76,0.17,0.11,0.07,24,26
amnesia,CLG,killjoy,205.4,0.92,69,131.7,0.65,0.20,0.12,0.12,16,8
d1msumboi,TS,killjoy,205.0,1.16,74,143.5,0.71,0.19,0.09,0.08,27,15
ScherBi,BCG,killjoy,202.9,1.14,79,132.4,0.69,0.20,0.06,0.05,15,19
agM,COL,killjoy,202.8,1.19,72,133.8,0.73,0.15,0.10,0.09,21,19
icy,CD,killjoy,198.2,0.96,66,133.4,0.67,0.20,0.10,0.09,20,11
Bewd,PUGS,killjoy,198.1,1.14,70,126.6,0.72,0.15,0.10,0.07,22,18
Mengquan,EDG,killjoy,197.0,1.15,72,136.6,0.71,0.14,0.08,0.05,29,9
PateK,Mach,killjoy,195.6,0.87,64,129.6,0.67,0.18,0.11,0.09,22,10
Sushiboys,XIA,killjoy,195.4,0.99,69,134.0,0.68,0.17,0.07,0.09,21,15
naxy,TL,killjoy,195.2,1.17,77,132.2,0.70,0.18,0.07,0.07,14,14
ponkt,FNST,killjoy,194.1,1.00,74,133.6,0.67,0.15,0.10,0.08,31,18
Link,NWG,killjoy,189.9,0.84,64,128.6,0.65,0.15,0.07,0.09,19,13
payen,TSM.A,killjoy,189.7,0.97,71,127.9,0.67,0.19,0.05,0.07,18,15
TERNOS,XPL,killjoy,188.4,1.06,70,128.6,0.67,0.16,0.04,0.08,25,9
MrLeonan,MrLeonan,killjoy,183.8,0.89,70,125.1,0.65,0.18,0.07,0.09,19,9
FNS,OPTC,killjoy,183.5,0.93,69,123.7,0.64,0.20,0.09,0.04,18,16
Add3r,PK.A,killjoy,182.8,0.99,69,123.2,0.64,0.20,0.09,0.09,24,32
wrong,Team,killjoy,182.1,0.80,70,121.5,0.60,0.23,0.06,0.08,18,13
ZexRow,DZ,killjoy,181.4,1.17,75,124.9,0.68,0.18,0.07,0.07,20,7
Aly,BRNV,killjoy,178.7,0.98,73,120.1,0.64,0.15,0.04,0.06,21,12
Violette,TMV,killjoy,176.8,1.06,74,121.2,0.63,0.17,0.08,0.08,19,28
Astell,CR,killjoy,175.8,0.96,70,117.0,0.61,0.15,0.08,0.09,21,7
frostmind,BME,killjoy,171.4,0.95,73,120.5,0.61,0.15,0.07,0.06,28,15
Rexy,Enigma,killjoy,162.2,0.84,65,114.4,0.58,0.14,0.07,0.08,23,13
scourge,COL,neon,247.0,1.08,69,155.8,0.81,0.19,0.24,0.16,33,22
Victor,OPTC,neon,222.1,1.14,74,146.2,0.78,0.16,0.16,0.14,26,20
kamyk,AM,omen,244.8,1.27,77,166.6,0.88,0.35,0.08,0.07,32,15
Shizue,B4A,omen,219.6,1.23,78,146.6,0.85,0.39,0.12,0.05,24,13
LeeoLoos,Reig,omen,214.9,1.19,73,143.2,0.78,0.32,0.11,0.07,25,17
VHL,VHL,omen,214.3,1.14,70,137.5,0.80,0.26,0.09,0.09,39,22
Subroza,TSM,omen,212.5,1.16,75,134.8,0.76,0.34,0.09,0.08,27,13
tupperware,IMT,omen,210.8,1.07,77,140.4,0.70,0.37,0.11,0.11,23,6
PureVNS,PK.A,omen,209.1,1.18,76,141.1,0.75,0.39,0.06,0.05,30,20
delz1k,KRÜ,omen,207.1,0.98,76,130.3,0.72,0.40,0.08,0.07,27,5
Nurfed,OXGA,omen,206.4,1.08,77,133.8,0.72,0.43,0.10,0.08,21,26
rain,DIG,omen,205.0,0.96,71,130.8,0.69,0.31,0.08,0.07,20,27
Potatoe,1337,omen,204.5,0.98,72,132.5,0.72,0.31,0.10,0.09,21,9
Maverick,TRY,omen,203.3,1.01,67,131.1,0.70,0.28,0.10,0.11,25,20
khanartist,BBG.A,omen,202.5,1.16,74,131.3,0.74,0.29,0.05,0.08,38,18
zander,V1,omen,202.3,1.13,77,130.0,0.86,0.36,0.09,0.06,28,23
gucc107,Akre,omen,199.8,0.99,73,132.4,0.69,0.42,0.07,0.09,18,9
Enzo,TLPR,omen,198.5,0.94,70,129.4,0.69,0.35,0.05,0.09,27,15
Cade3k,TS,omen,198.1,1.06,75,132.3,0.73,0.39,0.06,0.03,25,19
Poti,tier,omen,197.0,1.04,73,126.5,0.70,0.36,0.06,0.07,35,11
grimoire,Roul,omen,196.8,1.02,71,129.2,0.72,0.29,0.05,0.07,39,15
spasz,spasz,omen,196.5,1.15,79,129.2,0.70,0.37,0.05,0.07,30,6
spite,TMX,omen,195.7,1.09,75,125.2,0.72,0.35,0.04,0.03,27,16
ShoT_UP,NYFU,omen,192.7,1.15,77,120.7,0.70,0.39,0.06,0.07,24,8
seoul,seoul,omen,192.1,1.02,68,123.8,0.68,0.27,0.07,0.08,34,18
nerve,CD,omen,190.9,0.96,69,122.7,0.67,0.37,0.08,0.07,27,9
valyn,TGRD,omen,189.0,0.98,74,123.7,0.68,0.35,0.05,0.06,23,11
truo,COL,omen,188.8,1.20,77,121.8,0.70,0.34,0.05,0.06,29,15
ZK,TSM.A,omen,188.4,1.17,73,119.2,0.70,0.30,0.04,0.05,36,14
maxie,BLD,omen,185.4,0.89,71,124.2,0.66,0.30,0.05,0.08,27,25
LuciA,LE,omen,183.7,0.86,73,114.7,0.61,0.39,0.05,0.08,20,19
pwny,T1,omen,181.7,0.93,73,114.5,0.63,0.39,0.07,0.05,25,22
PreTaxMicrob,PreTaxMicrob,omen,181.3,0.88,69,117.6,0.61,0.34,0.07,0.10,26,20
Antidote,Enigma,omen,180.5,1.05,69,114.2,0.65,0.28,0.08,0.09,24,7
ozzy,XL,omen,180.4,0.92,76,116.3,0.62,0.46,0.08,0.07,19,9
Nick,DNAD,omen,177.3,0.98,79,116.6,0.59,0.47,0.04,0.04,30,17
Papi,NBG,omen,177.2,0.81,66,118.0,0.63,0.32,0.08,0.12,21,11
sSef,YFP,omen,177.1,0.94,71,121.5,0.62,0.38,0.04,0.06,29,19
vanity,C9,omen,176.7,0.92,73,103.3,0.61,0.35,0.11,0.09,16,9
Jangler,TB,omen,176.1,0.90,70,114.6,0.63,0.31,0.07,0.06,19,31
Pixelzz,RGE,omen,175.9,1.06,72,114.9,0.66,0.34,0.05,0.07,28,25
cwaudia,Roul,omen,175.4,0.83,70,115.0,0.59,0.34,0.06,0.09,18,19
Rexs,BTS,omen,174.9,0.94,75,112.7,0.65,0.38,0.07,0.08,25,13
neth,CR,omen,174.2,1.07,73,108.2,0.66,0.38,0.06,0.06,27,12
Cohburg,Cohburg,omen,173.7,0.98,70,114.4,0.60,0.40,0.07,0.06,26,30
AvovA,G2,omen,172.8,0.85,67,111.9,0.60,0.32,0.06,0.10,32,12
silenx,PK,omen,172.4,0.81,66,115.5,0.60,0.37,0.04,0.09,30,6
Lazee,Lazee,omen,171.5,0.76,67,115.1,0.59,0.32,0.11,0.13,23,17
bjor,ZMM.B,omen,171.0,0.84,71,111.7,0.59,0.38,0.08,0.05,20,17
Ryu,Unde,omen,170.6,0.86,69,113.7,0.59,0.29,0.04,0.06,37,7
phoon,IluZ,omen,170.3,0.84,67,107.2,0.60,0.30,0.05,0.07,20,11
bnj,NIP,omen,169.5,1.00,75,107.6,0.61,0.35,0.05,0.04,24,24
monSi,BBG.A,omen,166.4,0.92,71,105.9,0.60,0.37,0.05,0.08,24,13
L1NK,TL,omen,164.9,1.01,74,110.4,0.65,0.29,0.04,0.05,39,14
ryuziN,ryuziN,omen,164.2,0.94,75,104.3,0.58,0.27,0.06,0.05,25,22
ICEKING,ICEKING,omen,160.5,0.72,70,109.8,0.54,0.37,0.05,0.09,24,14
mindfreak,PRX,omen,157.4,0.87,70,102.6,0.56,0.37,0.04,0.05,27,16
KillerMiller,Stas,omen,148.1,0.69,66,100.0,0.51,0.34,0.06,0.07,19,12
heist,heist,omen,143.2,0.72,64,97.7,0.52,0.25,0.06,0.11,27,14
enerii,enerii,raze,304.4,1.35,78,193.0,0.99,0.33,0.22,0.14,20,14
Katu,AWAR,raze,272.5,1.35,77,178.0,0.93,0.24,0.14,0.08,24,6
sym,LT,raze,267.3,1.28,71,177.4,0.94,0.19,0.22,0.15,29,9
ScrewFace,DZ,raze,266.9,1.14,72,174.3,0.88,0.24,0.19,0.14,17,16
K1LLERS,FCY,raze,265.3,1.33,75,175.7,0.90,0.21,0.19,0.16,30,6
lule,CAOS,raze,263.6,1.21,75,174.3,0.93,0.24,0.19,0.16,17,8
corey,TSM,raze,262.0,1.36,76,171.9,0.89,0.20,0.16,0.09,25,15
Jinggg,PRX,raze,261.3,1.11,69,171.0,0.89,0.27,0.15,0.14,17,23
FengF,FengF,raze,250.4,1.25,71,163.9,0.86,0.19,0.12,0.12,25,15
TENNN,ZETA,raze,249.9,1.11,69,163.2,0.84,0.21,0.17,0.19,21,25
BrinkssJ,Trop,raze,249.2,1.12,73,162.6,0.83,0.22,0.16,0.09,15,10
nukkye,G2,raze,248.8,1.08,75,167.7,0.78,0.29,0.14,0.15,16,17
fr1,GKE,raze,248.6,1.23,75,172.3,0.90,0.19,0.19,0.11,31,8
sonder,SR,raze,248.2,1.11,74,161.9,0.80,0.32,0.17,0.15,16,21
Nanners,TB,raze,247.6,1.08,70,161.7,0.81,0.26,0.15,0.17,18,13
Famouz,PSJ,raze,245.5,1.14,75,162.8,0.82,0.21,0.11,0.09,15,11
Excali,Enigma,raze,240.3,1.11,70,153.5,0.80,0.22,0.17,0.15,23,21
YaBoiLewis,FKS,raze,236.7,1.06,70,151.8,0.77,0.13,0.18,0.16,31,8
Goaster,MDR,raze,235.5,1.03,68,157.4,0.79,0.18,0.16,0.21,20,4
CTC,LOS,raze,231.7,1.08,71,151.0,0.77,0.25,0.17,0.15,15,18
Mikkasie,BRNV,raze,228.7,1.00,70,155.2,0.77,0.22,0.11,0.12,20,18
Precision,TSM.A,raze,228.6,1.05,75,150.4,0.76,0.27,0.15,0.18,17,19
Bunnyhuh,Team,raze,227.1,0.98,74,159.5,0.73,0.26,0.09,0.08,18,22
zekken,XSET,raze,225.3,1.12,71,143.9,0.77,0.25,0.11,0.17,16,15
kvmilhvh,WATA,raze,225.3,0.96,74,148.6,0.74,0.24,0.13,0.12,18,10
Andr0idDDD,LE,raze,224.5,0.96,67,144.3,0.74,0.19,0.13,0.13,18,17
demon,TOP,raze,224.1,0.94,64,148.0,0.75,0.24,0.17,0.22,17,25
SpYzera,FAL,raze,217.0,0.99,73,146.3,0.73,0.26,0.11,0.13,15,15
Stefanie,DIG,raze,193.6,0.85,63,134.0,0.66,0.17,0.11,0.20,24,22
sonder,SR,reyna,257.9,1.34,73,167.3,0.93,0.17,0.15,0.16,26,33
Newky,ARES,reyna,250.4,1.34,73,161.3,0.93,0.18,0.16,0.13,35,41
Valkorini,ZØ,reyna,226.5,1.08,68,147.8,0.85,0.12,0.15,0.13,38,10
Jonn,NIP,reyna,202.0,0.87,65,135.7,0.70,0.19,0.12,0.14,29,27
skyelyse,skyelyse,sage,239.5,1.26,77,151.4,0.84,0.39,0.10,0.08,20,14
hoody,G2,sage,217.7,1.07,75,141.2,0.77,0.33,0.14,0.11,28,8
Dep,ZETA,sage,217.0,1.11,71,134.3,0.75,0.36,0.12,0.08,28,13
sek1g,WYG,sage,204.6,1.01,66,131.3,0.74,0.36,0.10,0.12,25,15
Virtyy,OXGA,sage,200.3,0.99,69,128.3,0.68,0.28,0.08,0.13,24,13
maniek,AM,sage,195.0,0.94,74,121.0,0.67,0.31,0.08,0.11,25,29
scourge,COL,sage,194.1,1.00,71,126.2,0.68,0.29,0.11,0.11,34,10
grubinho,TH,sage,192.9,1.16,75,127.4,0.69,0.29,0.07,0.08,28,18
nyczu,WATA,sage,190.6,1.00,74,129.3,0.68,0.35,0.06,0.06,22,44
bld,Trop,sage,186.2,1.03,71,124.5,0.68,0.28,0.09,0.15,32,9
icy,CD,sage,181.0,1.04,74,119.3,0.66,0.39,0.08,0.06,29,21
RieNs,SUR,sage,177.1,0.88,71,114.7,0.63,0.32,0.08,0.11,36,50
Monstrum,HEET,sage,164.0,0.88,71,105.6,0.58,0.35,0.11,0.11,27,8
Dopai,DM,sage,162.6,0.76,73,104.6,0.56,0.40,0.06,0.08,19,19
JhoW,VK,sage,150.3,0.77,72,93.4,0.51,0.38,0.05,0.08,14,19
Dragonwar,iPon,sage,143.5,0.72,65,98.9,0.49,0.29,0.02,0.07,29,26
circu,GG,skye,238.3,1.23,67,155.2,0.87,0.17,0.12,0.07,46,32
Meiy,CR,skye,228.4,1.32,78,142.3,0.85,0.24,0.12,0.07,22,21
jovahnii,CD,skye,225.9,1.15,73,145.7,0.79,0.34,0.10,0.11,27,26
kongared,AAA,skye,220.7,1.04,72,140.4,0.79,0.21,0.10,0.10,31,24
foxz,XIA,skye,219.6,1.16,70,140.9,0.80,0.31,0.09,0.14,25,19
Dark3st,past,skye,216.2,1.13,74,137.7,0.76,0.34,0.09,0.09,29,27
Bones,TS,skye,213.8,1.07,71,135.0,0.80,0.34,0.08,0.09,27,17
fl1pzjder,BME,skye,210.1,1.01,70,135.9,0.74,0.23,0.11,0.12,32,38
JinNy,X10F,skye,205.4,1.20,69,130.3,0.73,0.20,0.08,0.05,24,13
genuine,AIM,skye,200.2,1.04,73,121.7,0.71,0.34,0.14,0.14,20,10
PTC,FS,skye,198.8,1.09,75,132.1,0.67,0.38,0.09,0.10,22,50
snikk,TH,skye,198.0,1.00,69,132.0,0.71,0.28,0.06,0.10,28,21
stax,DRX,skye,192.2,1.10,74,128.5,0.69,0.24,0.05,0.05,37,13
Virtyy,OXGA,skye,189.8,0.88,69,122.7,0.64,0.32,0.08,0.09,28,16
MaFiN,MaFiN,skye,189.2,0.98,70,124.0,0.66,0.26,0.08,0.07,15,10
YESicaN,FCY,skye,188.4,1.06,79,123.6,0.67,0.36,0.08,0.06,24,17
mleqt,TSM.X,skye,186.1,0.93,70,124.5,0.66,0.30,0.07,0.08,22,21
TENNN,ZETA,skye,181.0,0.87,71,125.9,0.62,0.23,0.08,0.10,31,
alexis,C9W,skye,178.0,1.12,77,117.2,0.66,0.29,0.03,0.05,25,24
xprt,xprt,skye,177.7,1.09,78,119.0,0.64,0.38,0.04,0.04,28,21
Katu,AWAR,skye,169.2,0.81,65,115.9,0.59,0.28,0.06,0.14,33,10
crashies,OPTC,skye,169.2,0.92,71,111.2,0.61,0.26,0.07,0.10,29,22
Blush,FL,skye,166.7,0.86,77,100.9,0.58,0.37,0.06,0.05,14,9
jen,IMT,skye,165.4,0.93,75,110.7,0.60,0.24,0.03,0.05,31,14
crow,ZETA,skye,164.7,0.86,72,107.1,0.60,0.22,0.03,0.08,26,7
123,Toe,skye,127.5,0.61,67,87.8,0.44,0.25,0.05,0.08,24,5
Bizerra,TBK,sova,274.1,1.41,77,184.9,0.93,0.33,0.11,0.08,25,9
sarahcat,IMT,sova,252.0,1.39,75,167.1,0.92,0.28,0.12,0.08,32,19
nukkye,G2,sova,246.6,1.25,77,170.4,0.80,0.41,0.07,0.07,23,15
mwzera,VK,sova,237.5,1.23,77,160.8,0.82,0.39,0.07,0.05,20,23
rCk,GKE,sova,236.6,1.20,77,150.8,0.77,0.43,0.07,0.04,23,21
jonba,19,sova,236.6,1.26,75,162.4,0.79,0.30,0.09,0.08,29,21
Critical,Clan,sova,236.1,1.16,77,157.4,0.79,0.42,0.09,0.09,22,13
runi,ZMM.B,sova,235.4,1.21,77,159.5,0.79,0.41,0.10,0.05,26,20
Paincakes,Akre,sova,234.1,1.31,77,152.3,0.79,0.38,0.07,0.08,26,23
Biel,KG,sova,232.3,1.37,78,158.3,0.85,0.31,0.07,0.05,32,19
waddle,HEET,sova,232.2,1.22,82,155.4,0.75,0.49,0.06,0.05,24,17
showliana,DIG,sova,231.1,1.17,74,156.0,0.79,0.33,0.11,0.05,24,22
ColdFish,ColdFish,sova,230.8,1.18,76,156.8,0.77,0.34,0.09,0.07,20,12
sirodeathyo,APH,sova,230.3,1.01,70,147.8,0.75,0.31,0.11,0.12,27,20
riku,PK.A,sova,229.9,1.16,71,156.2,0.83,0.30,0.09,0.04,22,12
woddy,seit,sova,229.0,1.31,78,155.3,0.80,0.29,0.08,0.04,36,19
Near,YaLLa,sova,228.6,1.10,74,145.3,0.77,0.34,0.08,0.05,25,21
BEAST,6K,sova,227.4,1.32,77,145.5,0.79,0.30,0.10,0.04,28,18
jakee,Team,sova,227.4,1.10,68,155.6,0.80,0.25,0.06,0.08,35,28
Bawn,Team,sova,227.3,1.12,72,158.8,0.81,0.33,0.11,0.09,24,23
Mickebwoy,BDS,sova,226.1,1.29,79,146.6,0.78,0.32,0.05,0.03,24,14
deNaro,MIBR,sova,224.1,1.45,77,143.6,0.82,0.30,0.07,0.05,25,26
daiki,TL,sova,224.0,1.40,79,144.7,0.79,0.33,0.08,0.05,31,26
fiziq,SoaR,sova,221.6,1.22,74,147.5,0.78,0.32,0.08,0.09,28,26
LunaFox,MSF,sova,220.6,1.00,71,154.9,0.69,0.46,0.06,0.07,23,20
Trick,DZ,sova,220.5,1.10,78,142.3,0.70,0.45,0.10,0.11,18,23
Fearoth,FNC,sova,220.4,1.10,75,150.5,0.72,0.32,0.07,0.04,19,11
tyfoon,tyfoon,sova,220.4,1.05,76,149.8,0.74,0.32,0.07,0.05,17,3
kxtieoh,AIM,sova,219.2,1.19,77,147.1,0.76,0.36,0.05,0.08,17,23
Wolfen,CASE,sova,219.1,1.11,80,149.4,0.75,0.35,0.08,0.07,35,22
popogachi,CR,sova,218.5,1.22,75,153.9,0.73,0.38,0.07,0.05,23,12
trent,TGRD,sova,218.4,1.27,73,154.8,0.79,0.24,0.06,0.07,32,19
foxz,XIA,sova,218.1,1.07,75,150.8,0.72,0.32,0.08,0.08,23,8
Sacy,LLL,sova,217.3,1.28,78,149.6,0.75,0.41,0.07,0.02,30,24
Siduzord,Siduzord,sova,216.8,1.16,77,147.5,0.75,0.33,0.05,0.07,21,16
blaZek1ng,BME,sova,216.6,1.17,73,147.6,0.73,0.36,0.09,0.09,32,19
RvK,Enigma,sova,216.0,1.16,72,145.2,0.74,0.28,0.05,0.05,36,15
nAny,nAny,sova,215.9,1.12,76,146.3,0.73,0.34,0.05,0.08,23,26
lenne,BLD,sova,215.9,1.05,72,143.9,0.71,0.36,0.10,0.09,22,18
fr0st,XPL,sova,215.6,1.23,78,141.2,0.73,0.40,0.08,0.04,25,11
ZeroData,Ultr,sova,215.3,1.09,73,146.5,0.73,0.31,0.06,0.05,30,12
ntk,VK,sova,215.3,1.05,73,145.7,0.68,0.43,0.07,0.08,18,16
gustt1nha,LOS,sova,215.0,1.23,77,153.1,0.74,0.36,0.07,0.05,28,15
nobody,EDG,sova,214.7,1.08,75,144.8,0.70,0.35,0.07,0.07,31,11
cauanzin,NIP,sova,214.6,1.02,72,146.0,0.72,0.32,0.08,0.05,21,10
Moe40,XL,sova,214.1,1.10,76,150.4,0.74,0.31,0.07,0.06,34,13
rite2ace,VLT,sova,213.5,1.22,79,143.1,0.73,0.40,0.05,0.03,25,22
fixky,SMG,sova,213.5,1.08,79,142.4,0.70,0.39,0.08,0.06,23,21
Fatmarino,Fatmarino,sova,213.2,1.20,76,147.2,0.76,0.27,0.05,0.05,26,7
tayhuhu,B4A,sova,212.7,1.27,78,137.0,0.80,0.32,0.07,0.05,21,11
dimasick,FNST,sova,212.6,1.09,76,147.7,0.72,0.28,0.08,0.05,36,9
kvzx,NS,sova,212.3,1.04,71,146.8,0.72,0.37,0.07,0.07,28,13
LockM,LockM,sova,211.7,1.13,74,142.4,0.73,0.28,0.10,0.08,31,28
artzin,artzin,sova,211.6,0.96,70,146.9,0.71,0.30,0.06,0.06,26,10
K1te,Toe,sova,211.2,1.05,74,146.0,0.72,0.30,0.09,0.07,28,17
NaturE,GEN,sova,210.8,1.06,73,145.6,0.73,0.32,0.05,0.08,31,13
Drone,DZ,sova,210.7,1.20,75,146.2,0.74,0.27,0.06,0.05,38,13
Governor,COL,sova,210.4,0.94,72,145.6,0.68,0.33,0.10,0.10,25,21
snikk,TH,sova,209.5,1.18,76,140.9,0.75,0.31,0.07,0.04,32,17
Ayke,owna,sova,209.1,1.16,77,139.2,0.71,0.35,0.04,0.03,29,25
Jonaaa6,ZMM.B,sova,208.7,1.12,74,141.7,0.77,0.32,0.06,0.06,30,10
Verno,OXGA,sova,208.5,1.29,77,139.2,0.76,0.33,0.05,0.03,22,11
Harmon,LT,sova,207.8,1.03,74,141.5,0.70,0.34,0.07,0.06,26,20
supA,CLB,sova,207.1,0.96,67,144.3,0.69,0.27,0.06,0.14,30,19
crashies,OPTC,sova,207.1,1.09,75,141.0,0.71,0.32,0.08,0.05,26,21
clawdia,CLG,sova,206.6,1.16,78,137.0,0.71,0.35,0.06,0.04,28,21
Pr0phie,COL,sova,206.6,1.04,73,138.5,0.69,0.30,0.09,0.09,25,19
BlackHeart,BBG.A,sova,206.3,1.02,75,141.4,0.68,0.39,0.07,0.04,23,11
fznnn,Trop,sova,206.1,1.03,69,136.8,0.69,0.32,0.07,0.08,23,12
mija,mija,sova,205.3,1.06,73,137.2,0.72,0.27,0.06,0.07,27,20
Stix,AWAR,sova,205.3,1.00,72,142.5,0.69,0.32,0.06,0.04,26,13
Moonnnn,LUSA,sova,204.6,1.19,76,139.6,0.70,0.35,0.06,0.06,30,15
Hitch,NOM,sova,204.5,0.96,71,138.8,0.67,0.32,0.08,0.08,16,16
Rambut4n,DXG,sova,204.3,0.92,75,141.9,0.66,0.37,0.07,0.03,22,17
ExciteMVP,Wind,sova,204.0,1.11,73,137.8,0.69,0.30,0.08,0.03,20,24
LAMMYSNAX,FS,sova,203.5,1.14,78,138.0,0.67,0.33,0.07,0.04,23,8
Jessie,Jessie,sova,202.5,1.07,72,136.8,0.72,0.28,0.07,0.05,29,15
berLIN,KPC,sova,202.2,1.01,75,139.5,0.66,0.41,0.06,0.08,37,17
Badgal,CAOS,sova,201.4,1.27,80,129.4,0.79,0.29,0.05,0.04,16,14
MARCTYLINHO,S1,sova,199.7,1.04,75,137.6,0.67,0.43,0.03,0.03,22,13
Ginilson,Proj,sova,199.6,0.93,71,132.1,0.66,0.35,0.10,0.06,22,12
venture,TSM.A,sova,199.5,1.16,77,133.7,0.68,0.40,0.04,0.05,20,19
Myd,KDM,sova,198.6,1.08,75,131.3,0.68,0.37,0.03,0.05,22,17
corrosion,corrosion,sova,198.5,0.94,69,137.4,0.70,0.26,0.05,0.05,34,10
Cantzer,Cantzer,sova,198.3,1.00,74,136.6,0.63,0.39,0.05,0.02,22,8
adverso,LEV,sova,198.2,1.03,76,138.0,0.64,0.38,0.05,0.05,24,24
godvexy,Medal,sova,197.4,0.94,70,125.3,0.67,0.23,0.04,0.05,20,13
ChurmZ,CD,sova,197.3,0.95,69,132.8,0.66,0.34,0.08,0.08,23,18
King,VRT,sova,197.0,0.99,73,138.5,0.67,0.35,0.06,0.08,32,16
Zero1,NWG,sova,196.5,0.95,69,143.6,0.68,0.31,0.06,0.06,27,23
skrawl,BOBO,sova,196.3,1.14,73,133.1,0.69,0.30,0.07,0.06,28,23
BuLL3T,BuLL3T,sova,196.2,0.96,67,129.8,0.70,0.27,0.04,0.09,25,18
intox,PUGS,sova,195.3,0.94,72,134.9,0.67,0.31,0.05,0.08,23,8
nzr,FUR,sova,195.2,1.14,75,136.7,0.67,0.32,0.03,0.02,23,23
w0rldw1de,YFP,sova,195.0,1.07,74,134.2,0.68,0.30,0.06,0.04,30,16
Shao,FPX,sova,194.9,1.24,72,132.0,0.72,0.32,0.09,0.04,28,17
KP,SR,sova,194.0,1.03,74,132.6,0.67,0.30,0.05,0.07,30,14
OniBy,OG,sova,193.9,1.06,78,131.6,0.65,0.36,0.06,0.05,30,17
dazzLe,LG,sova,193.7,0.81,67,134.9,0.60,0.32,0.06,0.07,22,5
Aiko,DNAD,sova,193.5,0.99,69,137.3,0.64,0.33,0.05,0.11,22,15
brawk,Ghost,sova,193.4,1.29,85,129.3,0.64,0.44,0.04,0.05,19,27
CrosshaiR,TR,sova,193.1,0.98,69,132.7,0.67,0.23,0.04,0.07,24,8
Moves,MARU,sova,192.9,0.90,64,133.4,0.68,0.22,0.09,0.07,30,13
rhz,Trys,sova,192.8,0.95,71,132.2,0.64,0.32,0.08,0.05,26,16
izzengi,ARES,sova,192.4,1.04,77,133.0,0.63,0.40,0.09,0.06,20,25
Genghsta,PK,sova,192.2,0.93,70,137.7,0.61,0.36,0.05,0.06,27,18
RiceballiNNN,C4,sova,192.1,1.01,72,126.2,0.66,0.30,0.09,0.06,23,20
venOMizzLee,venOMizzLee,sova,191.5,0.98,69,126.6,0.69,0.27,0.03,0.08,35,16
braveaf,FNC,sova,191.3,1.01,67,133.0,0.66,0.32,0.06,0.07,32,14
Starryy,Roul,sova,191.2,0.84,68,131.4,0.63,0.33,0.06,0.08,19,11
iRdy,WGS,sova,191.0,1.02,71,124.9,0.67,0.26,0.09,0.06,31,13
TS,ONS,sova,190.8,1.15,76,127.0,0.65,0.36,0.07,0.07,25,16
Carlee,GEN.B,sova,190.3,1.06,75,129.6,0.67,0.37,0.05,0.04,25,13
GLYPH,C4,sova,190.2,0.88,70,125.3,0.62,0.38,0.07,0.10,26,27
Japips,OG,sova,190.2,1.24,77,134.7,0.72,0.23,0.03,0.05,23,19
nmutuA,DART,sova,190.0,0.97,74,126.3,0.64,0.35,0.06,0.05,32,25
Sarastarr,N2L,sova,190.0,0.88,71,124.8,0.63,0.34,0.06,0.07,14,20
AloNeFillz,MiTH,sova,189.3,0.99,74,130.6,0.65,0.34,0.05,0.05,22,9
roxie,WAVE,sova,189.2,0.94,68,126.6,0.64,0.26,0.06,0.09,32,19
Aly,BRNV,sova,189.2,1.11,74,129.1,0.66,0.30,0.03,0.02,24,17
Denz,IluZ,sova,189.1,0.84,67,131.4,0.61,0.31,0.04,0.03,17,7
OMEGA,Totoro,sova,189.0,1.03,74,131.5,0.66,0.33,0.05,0.04,23,19
eternal,BTF,sova,189.0,0.95,75,124.8,0.62,0.34,0.05,0.03,16,17
pannyx,GMD,sova,188.9,1.04,77,125.5,0.64,0.39,0.05,0.04,31,11
Hakane,FG,sova,188.9,1.01,78,124.0,0.66,0.35,0.03,0.06,19,19
Amilwa,MOUZ,sova,188.3,1.06,74,127.1,0.67,0.28,0.04,0.07,33,6
Rio,RGE,sova,188.1,0.96,73,128.6,0.63,0.29,0.04,0.05,22,14
Mazino,KRÜ,sova,187.9,0.94,73,131.3,0.64,0.27,0.05,0.06,24,27
Esperanza,DK,sova,187.6,0.92,71,125.1,0.65,0.28,0.08,0.09,33,3
RieNs,SUR,sova,187.5,0.93,72,128.3,0.64,0.30,0.07,0.08,27,15
Troll,Unkn,sova,187.3,1.00,73,127.0,0.65,0.33,0.04,0.04,17,16
Shiro,Shiro,sova,186.9,0.99,77,130.6,0.65,0.28,0.07,0.04,24,26
Prti,Diam,sova,186.5,0.78,69,135.5,0.59,0.35,0.08,0.08,28,8
alyssa,X10F,sova,186.2,0.99,74,125.8,0.64,0.30,0.06,0.07,30,17
Mowff,BAAM,sova,186.1,0.83,69,127.8,0.60,0.33,0.06,0.08,17,7
Kuro,Frag,sova,186.0,0.86,69,126.8,0.63,0.34,0.06,0.10,26,9
Rexy,Enigma,sova,185.8,0.95,68,125.5,0.62,0.29,0.04,0.04,34,17
Hope,1337,sova,185.7,0.83,66,129.7,0.62,0.31,0.06,0.08,21,7
zini,BRNV,sova,185.1,1.04,75,125.3,0.65,0.33,0.04,0.05,19,19
leak,RESO,sova,184.7,0.94,75,120.0,0.63,0.30,0.04,0.06,22,27
NANZIN,ING,sova,184.6,0.89,69,124.9,0.59,0.29,0.07,0.08,31,17
lya,VLK,sova,184.5,0.78,68,124.5,0.60,0.29,0.11,0.08,19,17
rezy,01,sova,183.8,0.91,72,122.8,0.62,0.34,0.06,0.04,29,3
renz,Clan,sova,183.4,1.04,74,126.9,0.64,0.33,0.04,0.05,32,16
Shun,GX,sova,183.0,1.07,74,125.7,0.66,0.31,0.04,0.04,28,12
ROOMPA,ROOMPA,sova,182.4,0.74,65,128.1,0.58,0.24,0.07,0.08,30,11
steel,T1,sova,182.0,0.85,68,129.2,0.58,0.35,0.09,0.13,19,9
royal,TB,sova,180.9,0.88,70,124.5,0.62,0.30,0.06,0.06,27,5
effys,V1,sova,180.9,0.96,77,120.2,0.62,0.31,0.04,0.08,21,18
Benkai,PRX,sova,180.8,1.02,72,127.4,0.61,0.34,0.04,0.06,26,29
Dubbin,Stas,sova,180.1,0.85,72,123.0,0.59,0.34,0.07,0.08,20,17
Zest,DRX,sova,180.0,1.14,77,120.7,0.65,0.31,0.06,0.07,28,20
Awkua,Kowa,sova,179.7,0.91,75,124.7,0.61,0.32,0.07,0.08,22,15
xeta,C9,sova,179.3,0.95,76,121.0,0.61,0.31,0.06,0.05,19,23
Lewy,ZØ,sova,179.1,0.84,67,121.4,0.59,0.30,0.06,0.08,19,16
Shockah,PLR,sova,178.8,0.89,74,122.6,0.58,0.33,0.08,0.06,27,10
Mast3r,TR,sova,178.5,0.90,68,120.7,0.61,0.23,0.03,0.04,24,9
HSB,TE,sova,178.0,0.91,73,126.3,0.61,0.27,0.06,0.06,27,12
zill,LMND,sova,177.9,0.82,69,123.8,0.60,0.34,0.06,0.06,21,12
ethos,Skwi,sova,177.8,0.88,67,124.0,0.61,0.28,0.05,0.08,20,12
Akashi,CES,sova,177.7,0.93,73,119.6,0.61,0.35,0.03,0.04,18,19
Pro,Pro,sova,176.5,0.84,69,129.6,0.58,0.27,0.04,0.06,22,15
KappA,GES,sova,175.9,0.82,70,128.7,0.57,0.31,0.05,0.08,25,10
iluri,FKS,sova,173.8,1.05,76,114.1,0.61,0.29,0.06,0.07,32,16
gob,BIG,sova,173.4,0.91,70,120.9,0.58,0.35,0.05,0.07,26,30
Decay,TLPR,sova,172.3,0.78,68,118.3,0.59,0.29,0.03,0.08,22,4
Felix,DSP,sova,172.0,0.93,74,116.8,0.60,0.38,0.05,0.04,20,8
Ouate,AE,sova,171.6,0.69,69,115.6,0.52,0.34,0.08,0.08,19,20
Fr4nky,FAL,sova,171.6,0.89,69,115.3,0.57,0.34,0.05,0.06,22,19
BcJ,XSET,sova,171.2,0.82,72,121.2,0.53,0.40,0.05,0.08,18,
YorkMonster,NTER,sova,171.1,0.74,68,123.5,0.55,0.35,0.07,0.11,25,2
Arial,B4A,sova,169.9,1.01,73,119.7,0.61,0.31,0.05,0.04,31,20
Vity,BTS,sova,169.0,0.94,74,116.6,0.56,0.38,0.04,0.05,19,21
Poach,BBG,sova,168.4,1.11,77,114.2,0.59,0.32,0.04,0.03,27,18
kelllky,kelllky,sova,166.4,0.76,66,114.6,0.55,0.31,0.04,0.07,23,13
roseau,PSJ,sova,163.9,0.80,70,109.5,0.56,0.30,0.05,0.04,17,13
dip,LT,sova,161.8,0.85,74,113.1,0.52,0.39,0.05,0.04,21,4
gogu,gogu,sova,161.5,0.74,62,114.1,0.54,0.26,0.03,0.06,34,8
Eisberg,Eisberg,sova,157.9,0.86,72,111.4,0.52,0.41,0.04,0.06,17,19
azez,Wind,sova,157.1,0.67,64,112.7,0.52,0.29,0.05,0.10,20,12
crow,ZETA,sova,155.5,0.82,71,113.2,0.51,0.37,0.02,0.03,23,
sh1vy,GodL,sova,152.5,0.63,69,108.8,0.47,0.32,0.04,0.04,20,17
Nightmare,Nightmare,sova,150.1,0.66,67,107.1,0.46,0.41,0.07,0.10,14,10
tylo,ZMM.S,sova,146.2,0.63,60,103.3,0.47,0.25,0.06,0.10,28,8
YESicaN,FCY,viper,246.8,1.57,80,162.6,0.85,0.39,0.06,0.05,26,27
sScary,XIA,viper,241.3,1.25,77,159.9,0.80,0.38,0.06,0.07,24,18
MaKo,DRX,viper,233.5,1.29,77,149.1,0.77,0.38,0.08,0.04,21,19
Ange,DZ,viper,228.6,1.45,79,146.6,0.82,0.29,0.06,0.03,30,23
mindfreak,PRX,viper,225.8,1.40,76,141.3,0.84,0.24,0.08,0.06,28,22
icy,CD,viper,224.4,1.28,76,151.8,0.78,0.26,0.07,0.05,23,34
RgLMeister,ING,viper,223.9,1.30,79,151.4,0.80,0.28,0.03,0.04,24,22
aproto,Ghost,viper,222.7,1.52,82,144.0,0.85,0.29,0.08,0.06,38,10
soulM8,TE,viper,214.3,1.16,71,143.0,0.76,0.28,0.06,0.04,36,18
Dark3st,past,viper,210.8,0.99,72,145.6,0.71,0.33,0.06,0.10,27,21
Jlerst,SUR,viper,210.7,1.01,74,138.0,0.75,0.29,0.07,0.07,32,19
Poly,X10F,viper,209.4,1.22,78,128.6,0.73,0.33,0.09,0.09,26,29
wudiYuChEn,FPX.ZQ,viper,208.8,1.19,74,136.8,0.77,0.30,0.05,0.11,28,36
Andersin,DZ,viper,208.3,1.09,70,134.0,0.74,0.30,0.08,0.11,24,30
Oderus,NYFU,viper,204.9,1.08,71,136.7,0.74,0.28,0.12,0.13,26,21
v1xen,VK,viper,204.9,1.05,75,137.4,0.69,0.34,0.09,0.07,24,13
bucher,FKS,viper,204.9,1.07,70,131.5,0.71,0.24,0.05,0.04,36,17
OuTLaW,FAL,viper,202.6,0.98,68,128.4,0.69,0.27,0.10,0.08,33,8
AslaN,BIG,viper,201.2,0.98,66,136.1,0.69,0.29,0.09,0.08,24,14
Nurfed,OXGA,viper,199.3,0.99,72,127.4,0.72,0.34,0.11,0.10,23,23
eskay,eskay,viper,196.5,0.98,71,123.3,0.68,0.27,0.07,0.09,22,7
KRAY,TEN,viper,196.4,1.14,71,128.8,0.71,0.28,0.07,0.09,28,22
jEEE,NS,viper,195.5,0.90,69,129.8,0.66,0.29,0.09,0.13,22,30
payen,TSM.A,viper,195.1,1.01,71,122.5,0.67,0.33,0.07,0.09,22,16
RvK,Enigma,viper,194.7,0.97,67,126.1,0.69,0.20,0.09,0.09,35,13
grimoire,Roul,viper,194.4,0.99,73,125.6,0.68,0.28,0.08,0.06,35,14
PureVNS,PK.A,viper,194.2,0.94,66,134.0,0.68,0.21,0.08,0.09,29,13
Pixelzz,RGE,viper,193.4,0.98,65,129.2,0.68,0.21,0.07,0.09,26,12
kamyk,AM,viper,192.7,0.98,75,125.5,0.67,0.26,0.08,0.07,30,3
adm1k,AM,viper,192.4,0.97,69,125.6,0.64,0.31,0.07,0.07,22,21
MARCTYLINHO,S1,viper,189.9,0.94,70,124.4,0.65,0.27,0.06,0.07,21,16
Laz,ZETA,viper,187.8,0.93,69,125.8,0.63,0.34,0.08,0.11,24,15
P1nA2k4,BAAM,viper,187.3,0.95,71,125.9,0.68,0.33,0.07,0.09,33,24
monSi,BBG.A,viper,185.8,1.02,67,120.8,0.66,0.24,0.07,0.10,27,9
Haodong,EDG,viper,184.7,1.01,69,119.4,0.62,0.20,0.06,0.07,28,33
evaD,evaD,viper,184.6,0.88,69,120.4,0.62,0.35,0.08,0.07,24,7
berLIN,KPC,viper,182.5,0.84,69,125.4,0.66,0.30,0.09,0.12,29,17
kazz,AIM,viper,179.0,0.95,66,118.3,0.65,0.26,0.04,0.03,28,18
Aninha,VK,viper,178.0,0.89,65,111.6,0.61,0.26,0.06,0.11,18,29
ICEKING,ICEKING,viper,177.3,0.88,64,117.3,0.60,0.25,0.06,0.12,22,10
panini,SR,viper,175.7,0.90,70,113.2,0.60,0.24,0.06,0.04,21,9
AYRIN,XSET,viper,173.4,0.95,73,114.2,0.61,0.35,0.05,0.06,14,31
Exequies,SAF,viper,173.0,0.85,71,116.9,0.60,0.36,0.07,0.08,25,22
bnj,NIP,viper,157.6,0.77,65,107.8,0.55,0.28,0.07,0.11,29,19
skye,GX,viper,149.9,0.71,64,99.0,0.50,0.26,0.05,0.09,21,13
ADRENALINE,ZMM.B,viper,145.9,0.69,69,95.2,0.47,0.28,0.04,0.09,20,29
